﻿{"name":"Logística","dataColors":["#4024A6","#09C0D7","#2572BF","#EF3964","#FF6392","#FFAA27","#131963","#20266B","#3599B8","#DFBFBF","#4AC5BB","#5F6B6D","#FB8281","#F4D25A","#7F898A","#A4DDEE","#FDAB89","#B687AC","#28738A","#A78F8F","#168980","#293537","#BB4A4A","#B59525","#475052","#6A9FB0","#BD7150","#7B4F71","#1B4D5C","#706060","#0F5C55","#1C2325"],"visualStyles":{"*":{"*":{"*":[{"color":{"solid":{}}}],"background":[{"transparency":100}]}},"barChart":{"*":{"categoryAxis":[{"showAxisTitle":false}],"valueAxis":[{"showAxisTitle":false}],"labels":[{"show":true}]}},"columnChart":{"*":{"categoryAxis":[{"showAxisTitle":false}],"valueAxis":[{"showAxisTitle":false}],"labels":[{"show":true}]}},"clusteredBarChart":{"*":{"categoryAxis":[{"showAxisTitle":false}],"valueAxis":[{"showAxisTitle":false}],"labels":[{"show":true}]}},"clusteredColumnChart":{"*":{"categoryAxis":[{"showAxisTitle":false}],"valueAxis":[{"showAxisTitle":false}],"labels":[{"show":true}]}},"hundredPercentStackedBarChart":{"*":{"categoryAxis":[{"showAxisTitle":false}],"valueAxis":[{"showAxisTitle":false}],"labels":[{"show":true}]}},"hundredPercentStackedColumnChart":{"*":{"categoryAxis":[{"showAxisTitle":false}],"valueAxis":[{"showAxisTitle":false}],"labels":[{"show":true}]}},"lineChart":{"*":{"categoryAxis":[{"showAxisTitle":false}],"valueAxis":[{"showAxisTitle":false}],"labels":[{"show":true}]}},"AreaChart":{"*":{"categoryAxis":[{"showAxisTitle":false}],"valueAxis":[{"showAxisTitle":false}],"labels":[{"show":true}]}},"stackedAreaChart":{"*":{"categoryAxis":[{"showAxisTitle":false}],"valueAxis":[{"showAxisTitle":false}],"labels":[{"show":true}]}},"lineStackedColumnComboChart":{"*":{"categoryAxis":[{"showAxisTitle":false}],"valueAxis":[{"showAxisTitle":false}],"labels":[{"show":true}]}},"lineClusteredColumnComboChart":{"*":{"categoryAxis":[{"showAxisTitle":false}],"valueAxis":[{"showAxisTitle":false}],"labels":[{"show":true}]}},"page":{"*":{"background":[{"color":{"solid":{"color":"#FFFFFF"}},"transparency":100}]}}},"textClasses":{"callout":{"color":"#FFFFFF","fontSize":17,"fontFace":"wf_standard-font, helvetica, arial, sans-serif"},"title":{"color":"#FFFFFF","fontFace":"'Segoe UI Light', wf_segoe-ui_light, helvetica, arial, sans-serif","fontSize":8}},"foreground":"#FFFFFF","foregroundNeutralSecondary":"#FFFFFF"}